"ITEM","TPNC","ZONE_ID","OFFER_ID","OFFER_NAME","EFFECTIVE_DATE","END_DATE"
"064881419","265546708",12,"R29032446","P 10 promotions","20101026","20351026"
"066394889","267101506",12,"R29032485","P 10 promotions","",""
"070016031","270114924",12,"R29032465","P 10 promotions","",""
"066394906","267101529",12,"R29032488","P 10 promotions","",""
"052284033","251457806",12,"R29030309","roi hardware","",""
"072462380","270693999",5,"A31401314","Half Price Was £7.99 Now £3.99","20140702","20141722"
"050160269","257756881",5,"A29085306","test","20130910","20140917"
"065401193","266080174",13,"R29093588","test_amend","20120320","20351026"
"065401193","266080174",5,"A29093588","test_amend","20120320","20351026"
"065401193","266080174",7,"A29093588","test_amend","20120320","20351026"
"065401193","266080174",9,"A29093588","test_amend","20120320","20351026"
"065401193","266080174",15,"A29093588","test_amend","20120320","20351026"
"065401193","266080174",8,"A29093588","test_amend","20120320","20351026"
"065401193","266080174",6,"A29093588","test_amend","20120320","20351026"
"065401193","266080174",12,"R29093588","test_amend","20120320","20351026"
"064629294","265289367",5,"A29093588","test_amend","20120320","20351026"
"066213068","266912118",5,"A29092087","test_amend","20130203","20141014"
"061573708","262835396",13,"R29093631","test","20120320","20351026"
"061573708","262835396",15,"A29093631","test","20120320","20351026"
"061573708","262835396",6,"A29093631","test","20120320","20351026"
"061573708","262835396",5,"A29093631","test","20120320","20351026"
"061573708","262835396",9,"A29093631","test","20120320","20351026"
"061573708","262835396",12,"R29093631","test","20120320","20351026"
"061573708","262835396",7,"A29093631","test","20120320","20351026"
"061573708","262835396",8,"A29093631","test","20120320","20351026"
"050051174","250094954",5,"A29095985","tst","20120803","20160331"
"050051174","250094954",6,"A29095985","tst","20120803","20160331"
"063652952","264284178",12,"R29093594","test","20120320","20351026"
"063652952","264284178",9,"A29093594","test","20120320","20351026"
"063652952","264284178",5,"A29093594","test","20120320","20351026"
"063652952","264284178",15,"A29093594","test","20120320","20351026"
"063652952","264284178",7,"A29093594","test","20120320","20351026"
"063652952","264284178",6,"A29093594","test","20120320","20351026"
"063652952","264284178",8,"A29093594","test","20120320","20351026"
"063652952","264284178",13,"R29093594","test","20120320","20351026"
"063882570","264519426",5,"A29093606","test","20120320","20351026"
"063882570","264519426",6,"A29093606","test","20120320","20351026"
"063882570","264519426",8,"A29093606","test","20120320","20351026"
"063882570","264519426",7,"A29093606","test","20120320","20351026"
"063882570","264519426",13,"R29093606","test","20120320","20351026"
"063882570","264519426",9,"A29093606","test","20120320","20351026"
"063882570","264519426",12,"R29093606","test","20120320","20351026"
"063882570","264519426",15,"A29093606","test","20120320","20351026"
"063882604","264519455",15,"A29093610","test","20120320","20351026"
"063882604","264519455",12,"R29093610","test","20120320","20351026"
"063882604","264519455",9,"A29093610","test","20120320","20351026"
"063882604","264519455",13,"R29093610","test","20120320","20351026"
"063882604","264519455",8,"A29093610","test","20120320","20351026"
"063882604","264519455",5,"A29093610","test","20120320","20351026"
"066081931","266779356",9,"A29093633","test","20120320","20351026"
"066081931","266779356",12,"R29093633","test","20120320","20351026"
"062719657","263787116",12,"R29093633","test","20120320","20351026"
"062719657","263787116",15,"A29093633","test","20120320","20351026"
"062719657","263787116",7,"A29093633","test","20120320","20351026"
"062719657","263787116",6,"A29093633","test","20120320","20351026"
"066081931","266779356",7,"A29093633","test","20120320","20351026"
"066081931","266779356",13,"R29093633","test","20120320","20351026"
"062719657","263787116",13,"R29093633","test","20120320","20351026"
"066081931","266779356",6,"A29093633","test","20120320","20351026"
"066081931","266779356",5,"A29093633","test","20120320","20351026"
"062719657","263787116",9,"A29093633","test","20120320","20351026"
"066081931","266779356",15,"A29093633","test","20120320","20351026"
"066081931","266779356",8,"A29093633","test","20120320","20351026"
"062719657","263787116",8,"A29093633","test","20120320","20351026"
"062719657","263787116",5,"A29093633","test","20120320","20351026"
"063785535","264419216",7,"A29093627","test","20120320","20351026"
"064072162","264714805",6,"A29093627","test","20120320","20351026"
"064072162","264714805",12,"R29093627","test","20120320","20351026"
"063785535","264419216",9,"A29093627","test","20120320","20351026"
"063785535","264419216",5,"A29093627","test","20120320","20351026"
"064072162","264714805",8,"A29093627","test","20120320","20351026"
"063785535","264419216",8,"A29093627","test","20120320","20351026"
"064072162","264714805",5,"A29093627","test","20120320","20351026"
"064072162","264714805",9,"A29093627","test","20120320","20351026"
"063785535","264419216",12,"R29093627","test","20120320","20351026"
"063785535","264419216",6,"A29093627","test","20120320","20351026"
"063785535","264419216",15,"A29093627","test","20120320","20351026"
"064072162","264714805",13,"R29093627","test","20120320","20351026"
"064072162","264714805",7,"A29093627","test","20120320","20351026"
"064072162","264714805",15,"A29093627","test","20120320","20351026"
"063785535","264419216",13,"R29093627","test","20120320","20351026"
"070001048","270000074",5,"A29099625","simple","20131113","20151021"
"070001048","270000074",6,"A29099625","simple","20131113","20151021"
"070001048","270000074",7,"A29099625","simple","20131113","20151021"
"070107436","270162953",8,"A29093635","test","20120322","20351026"
"070107436","270162953",7,"A29093635","test","20120322","20351026"
"070107436","270162953",5,"A29093635","test","20120322","20351026"
"070107367","270162884",7,"A29093635","test","20120322","20351026"
"070107367","270162884",6,"A29093635","test","20120322","20351026"
"070107436","270162953",6,"A29093635","test","20120322","20351026"
"070107367","270162884",5,"A29093635","test","20120322","20351026"
"070107367","270162884",8,"A29093635","test","20120322","20351026"
"061030240","259278769",5,"A29090029","Desc","20111109","20141024"
"064024715","264667048",5,"A29090029","Desc","20111109","20141024"
"064119195","264763366",12,"R29090029","Desc","20111109","20141024"
"070265311","270494560",13,"R29090029","Desc","20111109","20141024"
"064024560","264666896",6,"A29090029","Desc","20111109","20141024"
"063811576","264445708",8,"A29090029","Desc","20111109","20141024"
"063811576","264445708",7,"A29090029","Desc","20111109","20141024"
"064062197","264704456",6,"A29090029","Desc","20111109","20141024"
"061026770","259278435",12,"R29090029","Desc","20111109","20141024"
"061065014","259281160",7,"A29090029","Desc","20111109","20141024"
"061065014","259281160",5,"A29090029","Desc","20111109","20141024"
"066632263","267345920",12,"R29090029","Desc","20111109","20141024"
"064447952","265103336",5,"A29090029","Desc","20111109","20141024"
"066376272","267082245",8,"A29090029","Desc","20111109","20141024"
"066376312","267082280",5,"A29090029","Desc","20111109","20141024"
"070265305","270494554",7,"A29090029","Desc","20111109","20141024"
"061034656","259279083",12,"R29090029","Desc","20111109","20141024"
"061034662","259279098",5,"A29090029","Desc","20111109","20141024"
"061223398","262474423",8,"A29090029","Desc","20111109","20141024"
"066376312","267082280",12,"R29090029","Desc","20111109","20141024"
"060176633","261404434",12,"R29090029","Desc","20111109","20141024"
"061065014","259281160",12,"R29090029","Desc","20111109","20141024"
"063955336","264594894",7,"A29090029","Desc","20111109","20141024"
"064447952","265103336",6,"A29090029","Desc","20111109","20141024"
"060601592","261837618",6,"A29090029","Desc","20111109","20141024"
"060601177","261837136",6,"A29090029","Desc","20111109","20141024"
"066698553","267415884",8,"A29090029","Desc","20111109","20141024"
"064062208","264704466",12,"R29090029","Desc","20111109","20141024"
"066376312","267082280",7,"A29090029","Desc","20111109","20141024"
"064024560","264666896",13,"R29090029","Desc","20111109","20141024"
"062351434","263631518",6,"A29090029","Desc","20111109","20141024"
"064021079","264663352",7,"A29090029","Desc","20111109","20141024"
"066376237","267082206",12,"R29090029","Desc","20111109","20141024"
"063424612","260258533",12,"R29090029","Desc","20111109","20141024"
"061213122","262464084",12,"R29090029","Desc","20111109","20141024"
"064448012","265103398",8,"A29090029","Desc","20111109","20141024"
"062351578","263631651",5,"A29090029","Desc","20111109","20141024"
"070265305","270494554",13,"R29090029","Desc","20111109","20141024"
"064448012","265103398",7,"A29090029","Desc","20111109","20141024"
"064021079","264663352",8,"A29090029","Desc","20111109","20141024"
"066503802","267212087",8,"A29090029","Desc","20111109","20141024"
"064447923","265103300",5,"A29090029","Desc","20111109","20141024"
"063955336","264594894",12,"R29090029","Desc","20111109","20141024"
"060163222","261390876",7,"A29090029","Desc","20111109","20141024"
"061034662","259279098",6,"A29090029","Desc","20111109","20141024"
"064114338","264758154",8,"A29090029","Desc","20111109","20141024"
"063999789","264641303",13,"R29090029","Desc","20111109","20141024"
"064448012","265103398",13,"R29090029","Desc","20111109","20141024"
"066632263","267345920",6,"A29090029","Desc","20111109","20141024"
"061026770","259278435",5,"A29090029","Desc","20111109","20141024"
"060163101","261390759",6,"A29090029","Desc","20111109","20141024"
"066376329","267082297",5,"A29090029","Desc","20111109","20141024"
"066376306","267082274",6,"A29090029","Desc","20111109","20141024"
"070265294","270494548",5,"A29090029","Desc","20111109","20141024"
"064448012","265103398",6,"A29090029","Desc","20111109","20141024"
"064003061","264645126",7,"A29090029","Desc","20111109","20141024"
"064002972","264645034",5,"A29090029","Desc","20111109","20141024"
"066698490","267415826",7,"A29090029","Desc","20111109","20141024"
"060176633","261404434",5,"A29090029","Desc","20111109","20141024"
"066698553","267415884",7,"A29090029","Desc","20111109","20141024"
"065363634","266041526",6,"A29090029","Desc","20111109","20141024"
"070289732","270573910",12,"R29090029","Desc","20111109","20141024"
"060163101","261390759",7,"A29090029","Desc","20111109","20141024"
"063811576","264445708",5,"A29090029","Desc","20111109","20141024"
"070265311","270494560",12,"R29090029","Desc","20111109","20141024"
"062351476","263631553",6,"A29090029","Desc","20111109","20141024"
"060363521","261594524",6,"A29090029","Desc","20111109","20141024"
"066503791","267212070",8,"A29090029","Desc","20111109","20141024"
"062351476","263631553",12,"R29090029","Desc","20111109","20141024"
"064447981","265103369",12,"R29090029","Desc","20111109","20141024"
"064024636","264666965",6,"A29090029","Desc","20111109","20141024"
"066376329","267082297",6,"A29090029","Desc","20111109","20141024"
"060601177","261837136",12,"R29090029","Desc","20111109","20141024"
"066698490","267415826",5,"A29090029","Desc","20111109","20141024"
"063955336","264594894",5,"A29090029","Desc","20111109","20141024"
"062351578","263631651",8,"A29090029","Desc","20111109","20141024"
"066503802","267212087",12,"R29090029","Desc","20111109","20141024"
"066698501","267415832",12,"R29090029","Desc","20111109","20141024"
"066376329","267082297",13,"R29090029","Desc","20111109","20141024"
"061034656","259279083",5,"A29090029","Desc","20111109","20141024"
"064024715","264667048",6,"A29090029","Desc","20111109","20141024"
"066503791","267212070",5,"A29090029","Desc","20111109","20141024"
"065363634","266041526",12,"R29090029","Desc","20111109","20141024"
"070265271","270494525",5,"A29090029","Desc","20111109","20141024"
"070289732","270573910",6,"A29090029","Desc","20111109","20141024"
"061030228","259278746",13,"R29090029","Desc","20111109","20141024"
"063955336","264594894",8,"A29090029","Desc","20111109","20141024"
"061030240","259278769",7,"A29090029","Desc","20111109","20141024"
"064024636","264666965",13,"R29090029","Desc","20111109","20141024"
"060176633","261404434",8,"A29090029","Desc","20111109","20141024"
"066503802","267212087",6,"A29090029","Desc","20111109","20141024"
"060363521","261594524",7,"A29090029","Desc","20111109","20141024"
"061065014","259281160",6,"A29090029","Desc","20111109","20141024"
"064447923","265103300",6,"A29090029","Desc","20111109","20141024"
"064021079","264663352",5,"A29090029","Desc","20111109","20141024"
"064119189","264763356",12,"R29090029","Desc","20111109","20141024"
"066698501","267415832",6,"A29090029","Desc","20111109","20141024"
"062351434","263631518",13,"R29090029","Desc","20111109","20141024"
"064447923","265103300",12,"R29090029","Desc","20111109","20141024"
"064114338","264758154",6,"A29090029","Desc","20111109","20141024"
"062351405","263631484",8,"A29090029","Desc","20111109","20141024"
"061030205","259278723",6,"A29090029","Desc","20111109","20141024"
"060601592","261837618",13,"R29090029","Desc","20111109","20141024"
"066632263","267345920",7,"A29090029","Desc","20111109","20141024"
"061034662","259279098",8,"A29090029","Desc","20111109","20141024"
"062867947","264158000",12,"R29090029","Desc","20111109","20141024"
"060163222","261390876",13,"R29090029","Desc","20111109","20141024"
"061030205","259278723",12,"R29090029","Desc","20111109","20141024"
"064114338","264758154",13,"R29090029","Desc","20111109","20141024"
"061034656","259279083",8,"A29090029","Desc","20111109","20141024"
"064024715","264667048",7,"A29090029","Desc","20111109","20141024"
"060248952","261477911",7,"A29090029","Desc","20111109","20141024"
"064024715","264667048",13,"R29090029","Desc","20111109","20141024"
"064062180","264704443",8,"A29090029","Desc","20111109","20141024"
"070265305","270494554",5,"A29090029","Desc","20111109","20141024"
"062351492","263631576",5,"A29090029","Desc","20111109","20141024"
"060363521","261594524",8,"A29090029","Desc","20111109","20141024"
"066698553","267415884",5,"A29090029","Desc","20111109","20141024"
"061034656","259279083",7,"A29090029","Desc","20111109","20141024"
"060163222","261390876",6,"A29090029","Desc","20111109","20141024"
"060248952","261477911",5,"A29090029","Desc","20111109","20141024"
"064119195","264763366",8,"A29090029","Desc","20111109","20141024"
"064114338","264758154",12,"R29090029","Desc","20111109","20141024"
"070265271","270494525",12,"R29090029","Desc","20111109","20141024"
"060601592","261837618",12,"R29090029","Desc","20111109","20141024"
"066698599","267415924",13,"R29090029","Desc","20111109","20141024"
"064024560","264666896",12,"R29090029","Desc","20111109","20141024"
"063999772","264641292",8,"A29090029","Desc","20111109","20141024"
"064119189","264763356",13,"R29090029","Desc","20111109","20141024"
"070265271","270494525",6,"A29090029","Desc","20111109","20141024"
"061452466","262710012",7,"A29090029","Desc","20111109","20141024"
"059288507","260595467",6,"A29090029","Desc","20111109","20141024"
"064447998","265103375",5,"A29090029","Desc","20111109","20141024"
"060248952","261477911",8,"A29090029","Desc","20111109","20141024"
"066503785","267212064",7,"A29090029","Desc","20111109","20141024"
"064119189","264763356",6,"A29090029","Desc","20111109","20141024"
"063999772","264641292",12,"R29090029","Desc","20111109","20141024"
"062350717","263630796",7,"A29090029","Desc","20111109","20141024"
"066376272","267082245",6,"A29090029","Desc","20111109","20141024"
"062351476","263631553",13,"R29090029","Desc","20111109","20141024"
"064447981","265103369",6,"A29090029","Desc","20111109","20141024"
"066503785","267212064",8,"A29090029","Desc","20111109","20141024"
"070265311","270494560",6,"A29090029","Desc","20111109","20141024"
"066376306","267082274",5,"A29090029","Desc","20111109","20141024"
"061452466","262710012",5,"A29090029","Desc","20111109","20141024"
"070265414","270494669",12,"R29090029","Desc","20111109","20141024"
"061030240","259278769",8,"A29090029","Desc","20111109","20141024"
"066632263","267345920",5,"A29090029","Desc","20111109","20141024"
"064447981","265103369",13,"R29090029","Desc","20111109","20141024"
"066503785","267212064",5,"A29090029","Desc","20111109","20141024"
"070289732","270573910",5,"A29090029","Desc","20111109","20141024"
"064447998","265103375",8,"A29090029","Desc","20111109","20141024"
"060363521","261594524",5,"A29090029","Desc","20111109","20141024"
"064447998","265103375",13,"R29090029","Desc","20111109","20141024"
"064024836","264667169",6,"A29090029","Desc","20111109","20141024"
"062350717","263630796",8,"A29090029","Desc","20111109","20141024"
"063999789","264641303",8,"A29090029","Desc","20111109","20141024"
"059288507","260595467",12,"R29090029","Desc","20111109","20141024"
"064447998","265103375",7,"A29090029","Desc","20111109","20141024"
"064062197","264704456",12,"R29090029","Desc","20111109","20141024"
"066632263","267345920",8,"A29090029","Desc","20111109","20141024"
"061030228","259278746",12,"R29090029","Desc","20111109","20141024"
"062350717","263630796",5,"A29090029","Desc","20111109","20141024"
"061065043","259281177",6,"A29090029","Desc","20111109","20141024"
"063398481","259970001",6,"A29090029","Desc","20111109","20141024"
"070265414","270494669",8,"A29090029","Desc","20111109","20141024"
"061026770","259278435",6,"A29090029","Desc","20111109","20141024"
"066503819","267212093",7,"A29090029","Desc","20111109","20141024"
"062351476","263631553",5,"A29090029","Desc","20111109","20141024"
"060163101","261390759",5,"A29090029","Desc","20111109","20141024"
"061228715","262479781",13,"R29090029","Desc","20111109","20141024"
"061065043","259281177",8,"A29090029","Desc","20111109","20141024"
"062351476","263631553",7,"A29090029","Desc","20111109","20141024"
"066376306","267082274",8,"A29090029","Desc","20111109","20141024"
"070265271","270494525",13,"R29090029","Desc","20111109","20141024"
"061034662","259279098",12,"R29090029","Desc","20111109","20141024"
"061065043","259281177",7,"A29090029","Desc","20111109","20141024"
"070265294","270494548",12,"R29090029","Desc","20111109","20141024"
"070265305","270494554",12,"R29090029","Desc","20111109","20141024"
"066376306","267082274",7,"A29090029","Desc","20111109","20141024"
"066503791","267212070",6,"A29090029","Desc","20111109","20141024"
"066376329","267082297",12,"R29090029","Desc","20111109","20141024"
"066376237","267082206",6,"A29090029","Desc","20111109","20141024"
"064119189","264763356",5,"A29090029","Desc","20111109","20141024"
"061228715","262479781",6,"A29090029","Desc","20111109","20141024"
"066503819","267212093",5,"A29090029","Desc","20111109","20141024"
"061030194","259278700",7,"A29090029","Desc","20111109","20141024"
"061065014","259281160",8,"A29090029","Desc","20111109","20141024"
"064003061","264645126",13,"R29090029","Desc","20111109","20141024"
"064024836","264667169",12,"R29090029","Desc","20111109","20141024"
"061030194","259278700",8,"A29090029","Desc","20111109","20141024"
"066376237","267082206",5,"A29090029","Desc","20111109","20141024"
"061030228","259278746",6,"A29090029","Desc","20111109","20141024"
"066376312","267082280",6,"A29090029","Desc","20111109","20141024"
"063999789","264641303",5,"A29090029","Desc","20111109","20141024"
"065363634","266041526",13,"R29090029","Desc","20111109","20141024"
"064062208","264704466",5,"A29090029","Desc","20111109","20141024"
"066376272","267082245",7,"A29090029","Desc","20111109","20141024"
"061026770","259278435",13,"R29090029","Desc","20111109","20141024"
"066503819","267212093",8,"A29090029","Desc","20111109","20141024"
"061030194","259278700",5,"A29090029","Desc","20111109","20141024"
"060163101","261390759",8,"A29090029","Desc","20111109","20141024"
"063424612","260258533",6,"A29090029","Desc","20111109","20141024"
"064030425","264672911",5,"A29090029","Desc","20111109","20141024"
"063398481","259970001",13,"R29090029","Desc","20111109","20141024"
"064447981","265103369",7,"A29090029","Desc","20111109","20141024"
"070265305","270494554",6,"A29090029","Desc","20111109","20141024"
"064030425","264672911",13,"R29090029","Desc","20111109","20141024"
"066376312","267082280",13,"R29090029","Desc","20111109","20141024"
"060163222","261390876",5,"A29090029","Desc","20111109","20141024"
"070265328","270494577",5,"A29090029","Desc","20111109","20141024"
"064447981","265103369",5,"A29090029","Desc","20111109","20141024"
"064062180","264704443",5,"A29090029","Desc","20111109","20141024"
"063398481","259970001",7,"A29090029","Desc","20111109","20141024"
"061034662","259279098",13,"R29090029","Desc","20111109","20141024"
"060163222","261390876",12,"R29090029","Desc","20111109","20141024"
"066698599","267415924",12,"R29090029","Desc","20111109","20141024"
"066698490","267415826",13,"R29090029","Desc","20111109","20141024"
"062867947","264158000",6,"A29090029","Desc","20111109","20141024"
"064003061","264645126",6,"A29090029","Desc","20111109","20141024"
"064030425","264672911",12,"R29090029","Desc","20111109","20141024"
"064003061","264645126",5,"A29090029","Desc","20111109","20141024"
"070265311","270494560",5,"A29090029","Desc","20111109","20141024"
"066503791","267212070",13,"R29090029","Desc","20111109","20141024"
"063999789","264641303",7,"A29090029","Desc","20111109","20141024"
"064062208","264704466",8,"A29090029","Desc","20111109","20141024"
"064447952","265103336",7,"A29090029","Desc","20111109","20141024"
"064119195","264763366",13,"R29090029","Desc","20111109","20141024"
"066503802","267212087",13,"R29090029","Desc","20111109","20141024"
"064062208","264704466",7,"A29090029","Desc","20111109","20141024"
"062351492","263631576",12,"R29090029","Desc","20111109","20141024"
"061213122","262464084",6,"A29090029","Desc","20111109","20141024"
"066698501","267415832",8,"A29090029","Desc","20111109","20141024"
"061223398","262474423",13,"R29090029","Desc","20111109","20141024"
"064447923","265103300",13,"R29090029","Desc","20111109","20141024"
"061030205","259278723",13,"R29090029","Desc","20111109","20141024"
"061452466","262710012",13,"R29090029","Desc","20111109","20141024"
"062351492","263631576",6,"A29090029","Desc","20111109","20141024"
"064024836","264667169",8,"A29090029","Desc","20111109","20141024"
"062351405","263631484",12,"R29090029","Desc","20111109","20141024"
"070265311","270494560",7,"A29090029","Desc","20111109","20141024"
"061223398","262474423",12,"R29090029","Desc","20111109","20141024"
"064024636","264666965",12,"R29090029","Desc","20111109","20141024"
"070265294","270494548",6,"A29090029","Desc","20111109","20141024"
"070265328","270494577",7,"A29090029","Desc","20111109","20141024"
"066698599","267415924",6,"A29090029","Desc","20111109","20141024"
"063398481","259970001",5,"A29090029","Desc","20111109","20141024"
"064002972","264645034",12,"R29090029","Desc","20111109","20141024"
"060176633","261404434",7,"A29090029","Desc","20111109","20141024"
"062351434","263631518",12,"R29090029","Desc","20111109","20141024"
"064002972","264645034",6,"A29090029","Desc","20111109","20141024"
"061223398","262474423",6,"A29090029","Desc","20111109","20141024"
"070265328","270494577",8,"A29090029","Desc","20111109","20141024"
"064030425","264672911",6,"A29090029","Desc","20111109","20141024"
"066698490","267415826",12,"R29090029","Desc","20111109","20141024"
"061228715","262479781",12,"R29090029","Desc","20111109","20141024"
"064448012","265103398",5,"A29090029","Desc","20111109","20141024"
"064062197","264704456",13,"R29090029","Desc","20111109","20141024"
"064062180","264704443",7,"A29090029","Desc","20111109","20141024"
"066698490","267415826",6,"A29090029","Desc","20111109","20141024"
"062351578","263631651",7,"A29090029","Desc","20111109","20141024"
"066376272","267082245",13,"R29090029","Desc","20111109","20141024"
"064024715","264667048",8,"A29090029","Desc","20111109","20141024"
"060363521","261594524",13,"R29090029","Desc","20111109","20141024"
"066698501","267415832",5,"A29090029","Desc","20111109","20141024"
"066376329","267082297",8,"A29090029","Desc","20111109","20141024"
"064119195","264763366",7,"A29090029","Desc","20111109","20141024"
"066503802","267212087",7,"A29090029","Desc","20111109","20141024"
"064024636","264666965",8,"A29090029","Desc","20111109","20141024"
"061030240","259278769",12,"R29090029","Desc","20111109","20141024"
"070265328","270494577",13,"R29090029","Desc","20111109","20141024"
"062351578","263631651",6,"A29090029","Desc","20111109","20141024"
"060248952","261477911",12,"R29090029","Desc","20111109","20141024"
"062350717","263630796",6,"A29090029","Desc","20111109","20141024"
"062351492","263631576",13,"R29090029","Desc","20111109","20141024"
"066632263","267345920",13,"R29090029","Desc","20111109","20141024"
"063999772","264641292",5,"A29090029","Desc","20111109","20141024"
"060176633","261404434",6,"A29090029","Desc","20111109","20141024"
"061034656","259279083",6,"A29090029","Desc","20111109","20141024"
"061030228","259278746",8,"A29090029","Desc","20111109","20141024"
"065363634","266041526",5,"A29090029","Desc","20111109","20141024"
"070289732","270573910",7,"A29090029","Desc","20111109","20141024"
"060248952","261477911",13,"R29090029","Desc","20111109","20141024"
"062867947","264158000",7,"A29090029","Desc","20111109","20141024"
"070265294","270494548",13,"R29090029","Desc","20111109","20141024"
"066503791","267212070",12,"R29090029","Desc","20111109","20141024"
"064447923","265103300",7,"A29090029","Desc","20111109","20141024"
"064024836","264667169",13,"R29090029","Desc","20111109","20141024"
"060601177","261837136",8,"A29090029","Desc","20111109","20141024"
"064447952","265103336",8,"A29090029","Desc","20111109","20141024"
"065363634","266041526",8,"A29090029","Desc","20111109","20141024"
"060363521","261594524",12,"R29090029","Desc","20111109","20141024"
"064447923","265103300",8,"A29090029","Desc","20111109","20141024"
"066698501","267415832",7,"A29090029","Desc","20111109","20141024"
"062351405","263631484",6,"A29090029","Desc","20111109","20141024"
"064119195","264763366",5,"A29090029","Desc","20111109","20141024"
"060601592","261837618",8,"A29090029","Desc","20111109","20141024"
"065363634","266041526",7,"A29090029","Desc","20111109","20141024"
"061030205","259278723",7,"A29090029","Desc","20111109","20141024"
"062351405","263631484",13,"R29090029","Desc","20111109","20141024"
"064062180","264704443",6,"A29090029","Desc","20111109","20141024"
"060601177","261837136",7,"A29090029","Desc","20111109","20141024"
"060163222","261390876",8,"A29090029","Desc","20111109","20141024"
"060176633","261404434",13,"R29090029","Desc","20111109","20141024"
"063999772","264641292",6,"A29090029","Desc","20111109","20141024"
"061452466","262710012",12,"R29090029","Desc","20111109","20141024"
"064119189","264763356",8,"A29090029","Desc","20111109","20141024"
"060601592","261837618",7,"A29090029","Desc","20111109","20141024"
"070265271","270494525",7,"A29090029","Desc","20111109","20141024"
"062350717","263630796",12,"R29090029","Desc","20111109","20141024"
"064024715","264667048",12,"R29090029","Desc","20111109","20141024"
"064024560","264666896",7,"A29090029","Desc","20111109","20141024"
"060601592","261837618",5,"A29090029","Desc","20111109","20141024"
"066376272","267082245",5,"A29090029","Desc","20111109","20141024"
"066503785","267212064",6,"A29090029","Desc","20111109","20141024"
"064024560","264666896",5,"A29090029","Desc","20111109","20141024"
"070265311","270494560",8,"A29090029","Desc","20111109","20141024"
"064447981","265103369",8,"A29090029","Desc","20111109","20141024"
"066503819","267212093",6,"A29090029","Desc","20111109","20141024"
"066698553","267415884",12,"R29090029","Desc","20111109","20141024"
"066503785","267212064",12,"R29090029","Desc","20111109","20141024"
"060248952","261477911",6,"A29090029","Desc","20111109","20141024"
"062867947","264158000",5,"A29090029","Desc","20111109","20141024"
"064114338","264758154",7,"A29090029","Desc","20111109","20141024"
"070265271","270494525",8,"A29090029","Desc","20111109","20141024"
"066698553","267415884",6,"A29090029","Desc","20111109","20141024"
"063999772","264641292",7,"A29090029","Desc","20111109","20141024"
"064119189","264763356",7,"A29090029","Desc","20111109","20141024"
"064024560","264666896",8,"A29090029","Desc","20111109","20141024"
"064062197","264704456",5,"A29090029","Desc","20111109","20141024"
"064024636","264666965",7,"A29090029","Desc","20111109","20141024"
"061030240","259278769",6,"A29090029","Desc","20111109","20141024"
"066698599","267415924",8,"A29090029","Desc","20111109","20141024"
"064447998","265103375",6,"A29090029","Desc","20111109","20141024"
"066698553","267415884",13,"R29090029","Desc","20111109","20141024"
"066376237","267082206",13,"R29090029","Desc","20111109","20141024"
"070265414","270494669",5,"A29090029","Desc","20111109","20141024"
"064003061","264645126",12,"R29090029","Desc","20111109","20141024"
"059288507","260595467",7,"A29090029","Desc","20111109","20141024"
"061030228","259278746",7,"A29090029","Desc","20111109","20141024"
"063955336","264594894",6,"A29090029","Desc","20111109","20141024"
"070265414","270494669",7,"A29090029","Desc","20111109","20141024"
"059288507","260595467",8,"A29090029","Desc","20111109","20141024"
"070289732","270573910",8,"A29090029","Desc","20111109","20141024"
"061030228","259278746",5,"A29090029","Desc","20111109","20141024"
"061065043","259281177",12,"R29090029","Desc","20111109","20141024"
"063955336","264594894",13,"R29090029","Desc","20111109","20141024"
"060601177","261837136",5,"A29090029","Desc","20111109","20141024"
"061452466","262710012",6,"A29090029","Desc","20111109","20141024"
"062867947","264158000",13,"R29090029","Desc","20111109","20141024"
"064062197","264704456",7,"A29090029","Desc","20111109","20141024"
"062350717","263630796",13,"R29090029","Desc","20111109","20141024"
"061030240","259278769",13,"R29090029","Desc","20111109","20141024"
"064021079","264663352",12,"R29090029","Desc","20111109","20141024"
"062351434","263631518",7,"A29090029","Desc","20111109","20141024"
"070265294","270494548",8,"A29090029","Desc","20111109","20141024"
"063424612","260258533",5,"A29090029","Desc","20111109","20141024"
"063811576","264445708",13,"R29090029","Desc","20111109","20141024"
"070265294","270494548",7,"A29090029","Desc","20111109","20141024"
"064021079","264663352",13,"R29090029","Desc","20111109","20141024"
"061065014","259281160",13,"R29090029","Desc","20111109","20141024"
"066376329","267082297",7,"A29090029","Desc","20111109","20141024"
"066376237","267082206",7,"A29090029","Desc","20111109","20141024"
"061228715","262479781",8,"A29090029","Desc","20111109","20141024"
"061030194","259278700",12,"R29090029","Desc","20111109","20141024"
"061065043","259281177",5,"A29090029","Desc","20111109","20141024"
"066503819","267212093",12,"R29090029","Desc","20111109","20141024"
"066376237","267082206",8,"A29090029","Desc","20111109","20141024"
"061026770","259278435",8,"A29090029","Desc","20111109","20141024"
"066376272","267082245",12,"R29090029","Desc","20111109","20141024"
"061065043","259281177",13,"R29090029","Desc","20111109","20141024"
"063424612","260258533",7,"A29090029","Desc","20111109","20141024"
"066376312","267082280",8,"A29090029","Desc","20111109","20141024"
"064119195","264763366",6,"A29090029","Desc","20111109","20141024"
"062351492","263631576",8,"A29090029","Desc","20111109","20141024"
"059288507","260595467",5,"A29090029","Desc","20111109","20141024"
"066376306","267082274",13,"R29090029","Desc","20111109","20141024"
"061034662","259279098",7,"A29090029","Desc","20111109","20141024"
"061030194","259278700",13,"R29090029","Desc","20111109","20141024"
"066503819","267212093",13,"R29090029","Desc","20111109","20141024"
"063999772","264641292",13,"R29090029","Desc","20111109","20141024"
"066503785","267212064",13,"R29090029","Desc","20111109","20141024"
"064024836","264667169",7,"A29090029","Desc","20111109","20141024"
"061030194","259278700",6,"A29090029","Desc","20111109","20141024"
"066376306","267082274",12,"R29090029","Desc","20111109","20141024"
"066698599","267415924",5,"A29090029","Desc","20111109","20141024"
"063811576","264445708",6,"A29090029","Desc","20111109","20141024"
"063398481","259970001",8,"A29090029","Desc","20111109","20141024"
"070265305","270494554",8,"A29090029","Desc","20111109","20141024"
"063811576","264445708",12,"R29090029","Desc","20111109","20141024"
"066503791","267212070",7,"A29090029","Desc","20111109","20141024"
"070289732","270573910",13,"R29090029","Desc","20111109","20141024"
"063424612","260258533",8,"A29090029","Desc","20111109","20141024"
"062351476","263631553",8,"A29090029","Desc","20111109","20141024"
"062351434","263631518",5,"A29090029","Desc","20111109","20141024"
"061213122","262464084",13,"R29090029","Desc","20111109","20141024"
"064030425","264672911",7,"A29090029","Desc","20111109","20141024"
"063424612","260258533",13,"R29090029","Desc","20111109","20141024"
"064002972","264645034",13,"R29090029","Desc","20111109","20141024"
"064062180","264704443",13,"R29090029","Desc","20111109","20141024"
"063999789","264641303",12,"R29090029","Desc","20111109","20141024"
"064062208","264704466",6,"A29090029","Desc","20111109","20141024"
"061213122","262464084",8,"A29090029","Desc","20111109","20141024"
"061030205","259278723",5,"A29090029","Desc","20111109","20141024"
"066698599","267415924",7,"A29090029","Desc","20111109","20141024"
"064003061","264645126",8,"A29090029","Desc","20111109","20141024"
"064024636","264666965",5,"A29090029","Desc","20111109","20141024"
"062867947","264158000",8,"A29090029","Desc","20111109","20141024"
"060163101","261390759",12,"R29090029","Desc","20111109","20141024"
"061213122","262464084",7,"A29090029","Desc","20111109","20141024"
"062351492","263631576",7,"A29090029","Desc","20111109","20141024"
"059288507","260595467",13,"R29090029","Desc","20111109","20141024"
"070265328","270494577",12,"R29090029","Desc","20111109","20141024"
"062351405","263631484",7,"A29090029","Desc","20111109","20141024"
"061034656","259279083",13,"R29090029","Desc","20111109","20141024"
"064024836","264667169",5,"A29090029","Desc","20111109","20141024"
"066698501","267415832",13,"R29090029","Desc","20111109","20141024"
"061026770","259278435",7,"A29090029","Desc","20111109","20141024"
"064114338","264758154",5,"A29090029","Desc","20111109","20141024"
"064062197","264704456",8,"A29090029","Desc","20111109","20141024"
"061223398","262474423",5,"A29090029","Desc","20111109","20141024"
"064447952","265103336",12,"R29090029","Desc","20111109","20141024"
"061030205","259278723",8,"A29090029","Desc","20111109","20141024"
"064002972","264645034",8,"A29090029","Desc","20111109","20141024"
"066503802","267212087",5,"A29090029","Desc","20111109","20141024"
"061228715","262479781",5,"A29090029","Desc","20111109","20141024"
"064448012","265103398",12,"R29090029","Desc","20111109","20141024"
"070265328","270494577",6,"A29090029","Desc","20111109","20141024"
"064002972","264645034",7,"A29090029","Desc","20111109","20141024"
"064447952","265103336",13,"R29090029","Desc","20111109","20141024"
"064062208","264704466",13,"R29090029","Desc","20111109","20141024"
"062351578","263631651",13,"R29090029","Desc","20111109","20141024"
"061228715","262479781",7,"A29090029","Desc","20111109","20141024"
"062351434","263631518",8,"A29090029","Desc","20111109","20141024"
"061213122","262464084",5,"A29090029","Desc","20111109","20141024"
"066698490","267415826",8,"A29090029","Desc","20111109","20141024"
"061452466","262710012",8,"A29090029","Desc","20111109","20141024"
"061223398","262474423",7,"A29090029","Desc","20111109","20141024"
"070265414","270494669",6,"A29090029","Desc","20111109","20141024"
"063398481","259970001",12,"R29090029","Desc","20111109","20141024"
"060163101","261390759",13,"R29090029","Desc","20111109","20141024"
"060601177","261837136",13,"R29090029","Desc","20111109","20141024"
"062351405","263631484",5,"A29090029","Desc","20111109","20141024"
"064030425","264672911",8,"A29090029","Desc","20111109","20141024"
"062351578","263631651",12,"R29090029","Desc","20111109","20141024"
"064021079","264663352",6,"A29090029","Desc","20111109","20141024"
"063999789","264641303",6,"A29090029","Desc","20111109","20141024"
"070265414","270494669",13,"R29090029","Desc","20111109","20141024"
"064062180","264704443",12,"R29090029","Desc","20111109","20141024"
"064447998","265103375",12,"R29090029","Desc","20111109","20141024"
"050002999","257526163",6,"A29093688","sim-no change","20120315","20351026"
"050002999","257526163",13,"R29093688","sim-no change","20120315","20351026"
"050002999","257526163",7,"A29093688","sim-no change","20120315","20351026"
"050027486","250050563",13,"R29093688","sim-no change","20120315","20351026"
"050027486","250050563",15,"A29093688","sim-no change","20120315","20351026"
"050002999","257526163",15,"A29093688","sim-no change","20120315","20351026"
"050002999","257526163",8,"A29093688","sim-no change","20120315","20351026"
"050002999","257526163",12,"R29093688","sim-no change","20120315","20351026"
"050002999","257526163",9,"A29093688","sim-no change","20120315","20351026"
"050027486","250050563",5,"A29093688","sim-no change","20120315","20351026"
"050027486","250050563",9,"A29093688","sim-no change","20120315","20351026"
"050027486","250050563",12,"R29093688","sim-no change","20120315","20351026"
"059019539","260318866",5,"A29104769","Simple Promo1","20130814","20140816"
"059002098","260300967",5,"A29104769","Simple Promo1","20130814","20140816"
"059019977","260319306",5,"A29104769","Simple Promo1","20130814","20140816"
"058985488","260283992",5,"A29104769","Simple Promo1","20130814","20140816"
"058985070","260283554",5,"A29104769","Simple Promo1","20130814","20140816"
"058986282","260284927",5,"A29104769","Simple Promo1","20130814","20140816"
"058984670","260283151",5,"A29104769","Simple Promo1","20130814","20140816"
"058985277","260283773",5,"A29104769","Simple Promo1","20130814","20140816"
"059002121","260300996",5,"A29104769","Simple Promo1","20130814","20140816"
"059019476","260318808",5,"A29104769","Simple Promo1","20130814","20140816"
"064460221","265116129",5,"A29105147","Percent Off","20130819","20140828"
"064467755","265123719",5,"A29105147","Percent Off","20130819","20140828"
"064472564","265128737",5,"A29105147","Percent Off","20130819","20140828"
"064487800","265144372",5,"A29105147","Percent Off","20130819","20140828"
"064459863","265115764",5,"A29105147","Percent Off","20130819","20140828"
"064540501","265197988",5,"A29105147","Percent Off","20130819","20140828"
"064473426","265129621",5,"A29105147","Percent Off","20130819","20140828"
"064471732","265127894",5,"A29105147","Percent Off","20130819","20140828"
"064509252","265166271",5,"A29105147","Percent Off","20130819","20140828"
"064507248","265164198",5,"A29105147","Percent Off","20130819","20140828"
"064494993","265151737",5,"A29105147","Percent Off","20130819","20140828"
"064155047","264800559",5,"A29105153","Amount off","20130819","20140828"
"064212546","264860648",5,"A29105153","Amount off","20130819","20140828"
"064200864","264848347",5,"A29105153","Amount off","20130819","20140828"
"064173388","264819601",5,"A29105153","Amount off","20130819","20140828"
"064182803","264829301",5,"A29105153","Amount off","20130819","20140828"
"064156566","264802217",5,"A29105153","Amount off","20130819","20140828"
"064154722","265014463",5,"A29105153","Amount off","20130819","20140828"
"064182626","264829128",5,"A29105153","Amount off","20130819","20140828"
"064165824","264811713",5,"A29105153","Amount off","20130819","20140828"
"064154872","264800415",5,"A29105153","Amount off","20130819","20140828"
"064155174","264800686",5,"A29105153","Amount off","20130819","20140828"
"064154751","250131992",5,"A29105153","Amount off","20130819","20140828"
"063844155","264478842",5,"A29105170","Fixed price","20130819","20140828"
"063844276","264478963",5,"A29105170","Fixed price","20130819","20140828"
"063877726","264514005",5,"A29105170","Fixed price","20130819","20140828"
"063844247","264478934",5,"A29105170","Fixed price","20130819","20140828"
"063923321","264561910",5,"A29105170","Fixed price","20130819","20140828"
"063837734","264472376",5,"A29105171","Zhalf","20130819","20140828"
"063837976","264472612",5,"A29105171","Zhalf","20130819","20140828"
"063821551","264455909",5,"A29105172","Saveamount","20130819","20140828"
"063802891","264436909",5,"A29105172","Saveamount","20130819","20140828"
"063803319","264437321",5,"A29105172","Saveamount","20130819","20140828"
"063822210","264456563",5,"A29105172","Saveamount","20130819","20140828"
"063826649","264461090",5,"A29105172","Saveamount","20130819","20140828"
"063836770","264471417",5,"A29105172","Saveamount","20130819","20140828"
"063803475","264437505",5,"A29105172","Saveamount","20130819","20140828"
"063638912","264123433",5,"A29105173","Save/New Fixed","20130819","20140828"
"063740583","264374861",5,"A29105173","Save/New Fixed","20130819","20140828"
"063795621","264429475",5,"A29105173","Save/New Fixed","20130819","20140828"
"063638970","264123560",5,"A29105173","Save/New Fixed","20130819","20140828"
"063638929","264123491",5,"A29105173","Save/New Fixed","20130819","20140828"
"063638941","264123525",5,"A29105173","Save/New Fixed","20130819","20140828"
"063614670","263460962",5,"A29105174","Fixed Price","20130819","20140828"
"063582003","262780319",5,"A29105174","Fixed Price","20130819","20140828"
"063581465","262772652",5,"A29105174","Fixed Price","20130819","20140828"
"063638895","264123168",5,"A29105174","Fixed Price","20130819","20140828"
"063541006","262480922",5,"A29105174","Fixed Price","20130819","20140828"
"063581845","262778784",5,"A29105174","Fixed Price","20130819","20140828"
"063614589","263460547",5,"A29105174","Fixed Price","20130819","20140828"
"058600486","257315712",5,"A29105207","Z Special","20130819","20140828"
"058600313","257315378",5,"A29105207","Z Special","20130819","20140828"
"058600492","257315735",5,"A29105207","Z Special","20130819","20140828"
"058600342","257315401",5,"A29105207","Z Special","20130819","20140828"
"058600503","257315758",5,"A29105207","Z Special","20130819","20140828"
"058600238","257315205",5,"A29105207","Z Special","20130819","20140828"
"058600244","257315234",5,"A29105207","Z Special","20130819","20140828"
"058600526","257315764",5,"A29105207","Z Special","20130819","20140828"
"058600371","257315476",5,"A29105207","Z Special","20130819","20140828"
"058600296","257315326",5,"A29105207","Z Special","20130819","20140828"
"050029138","257972117",6,"A29105207","Z Special","20130819","20140828"
"050028358","257972002",6,"A29105207","Z Special","20130819","20140828"
"051137291","254457598",15,"A29101867","simple_var","20140203","20150203"
"059830989","259710688",6,"A29101867","simple_var","20140203","20150203"
"051137291","254457598",6,"A29101867","simple_var","20140203","20150203"
"059830989","259710688",5,"A29101867","simple_var","20140203","20150203"
"051137291","254457598",5,"A29101867","simple_var","20140203","20150203"
"059830989","259710688",15,"A29101867","simple_var","20140203","20150203"
"060603526","261839714",6,"A29103013","Promo_470_TC19","20130430","20140922"
"065040423","265709027",5,"A29105127","Special Purchase","20130820","20140829"
"065040233","265708836",5,"A29105127","Special Purchase","20130820","20140829"
"065028871","265697327",5,"A29105127","Special Purchase","20130820","20140829"
"065028744","265697195",5,"A29105127","Special Purchase","20130820","20140829"
"065029386","265697834",5,"A29105127","Special Purchase","20130820","20140829"
"065040436","265709033",5,"A29105127","Special Purchase","20130820","20140829"
"065028636","265697080",5,"A29105127","Special Purchase","20130820","20140829"
"065029046","265697496",5,"A29105127","Special Purchase","20130820","20140829"
"065027578","265696017",5,"A29105127","Special Purchase","20130820","20140829"
"064218918","264867163",5,"A29105152","Percentage off","20130819","20140828"
"064219779","264868029",5,"A29105152","Percentage off","20130819","20140828"
"064219249","264867497",5,"A29105152","Percentage off","20130819","20140828"
"064216500","264864638",5,"A29105152","Percentage off","20130819","20140828"
"064219065","264867318",5,"A29105152","Percentage off","20130819","20140828"
"064216615","264864742",5,"A29105152","Percentage off","20130819","20140828"
"064219255","264867508",5,"A29105152","Percentage off","20130819","20140828"
"064218861","264867105",5,"A29105152","Percentage off","20130819","20140828"
"064216759","264864892",5,"A29105152","Percentage off","20130819","20140828"
"064219480","264867733",5,"A29105152","Percentage off","20130819","20140828"
"058289577","256773061",5,"A29105213","PO","20130819","20140828"
"058289617","256773124",5,"A29105213","PO","20130819","20140828"
"058289623","256773147",5,"A29105213","PO","20130819","20140828"
"058289548","256772995",5,"A29105213","PO","20130819","20140828"
"058289462","256772845",5,"A29105213","PO","20130819","20140828"
"058289433","256772799",5,"A29105213","PO","20130819","20140828"
"058289370","256772661",5,"A29105213","PO","20130819","20140828"
"058289358","256772626",5,"A29105213","PO","20130819","20140828"
"066121401","266819241",5,"A29106868","Simple","20140601","20140620"
"066121401","266819241",8,"A29106868","Simple","20140601","20140620"
"066121401","266819241",9,"A29106868","Simple","20140601","20140620"
"066121401","266819241",7,"A29106868","Simple","20140601","20140620"
"066121401","266819241",15,"A29106868","Simple","20140601","20140620"
"065282430","265957176",6,"A29109181","vbfbf","20140107","20350922"
"064379393","265032487",7,"A29109620","simple","20140615","20140617"
"063739316","267436352",7,"A29111942","SImple promo2","20140614","20140619"
"064413382","265067584",5,"A29105148","Half Price_Amount Off","20130819","20140828"
"064413353","265067555",5,"A29105148","Half Price_Amount Off","20130819","20140828"
"064440222","265095452",5,"A29105148","Half Price_Amount Off","20130819","20140828"
"064415472","265069806",5,"A29105148","Half Price_Amount Off","20130819","20140828"
"064306964","264958545",5,"A29105148","Half Price_Amount Off","20130819","20140828"
"064440389","265095626",5,"A29105148","Half Price_Amount Off","20130819","20140828"
"064415719","265070049",5,"A29105148","Half Price_Amount Off","20130819","20140828"
"064271335","264921554",5,"A29105149","Percent off","20130819","20140828"
"064233197","264882075",5,"A29105149","Percent off","20130819","20140828"
"064242330","264891761",5,"A29105149","Percent off","20130819","20140828"
"064282408","264933046",5,"A29105149","Percent off","20130819","20140828"
"064287829","264938638",5,"A29105149","Percent off","20130819","20140828"
"064255009","264905096",5,"A29105149","Percent off","20130819","20140828"
"064256008","264906112",5,"A29105149","Percent off","20130819","20140828"
"064282224","264932852",5,"A29105149","Percent off","20130819","20140828"
"064263506","264913679",5,"A29105149","Percent off","20130819","20140828"
"064282076","264932702",5,"A29105149","Percent off","20130819","20140828"
"064219917","264868162",5,"A29105151","percentage off","20130819","20140828"
"064225466","264873950",5,"A29105151","percentage off","20130819","20140828"
"064230943","264879726",5,"A29105151","percentage off","20130819","20140828"
"064219900","264868156",5,"A29105151","percentage off","20130819","20140828"
"064230799","264879575",5,"A29105151","percentage off","20130819","20140828"
"064219883","264868133",5,"A29105151","percentage off","20130819","20140828"
"064224980","264873437",5,"A29105151","percentage off","20130819","20140828"
"064232083","264880872",5,"A29105151","percentage off","20130819","20140828"
"064228394","264877168",5,"A29105151","percentage off","20130819","20140828"
"064014981","264657193",5,"A29105168","Amount off","20130819","20140828"
"063929073","264567731",5,"A29105168","Amount off","20130819","20140828"
"063929188","264567846",5,"A29105168","Amount off","20130819","20140828"
"064014226","264656430",5,"A29105168","Amount off","20130819","20140828"
"064014664","264656879",5,"A29105168","Amount off","20130819","20140828"
"064014382","264656597",5,"A29105168","Amount off","20130819","20140828"
"063946645","264585899",5,"A29105168","Amount off","20130819","20140828"
"063946566","264585801",5,"A29105168","Amount off","20130819","20140828"
"063929113","264567777",5,"A29105168","Amount off","20130819","20140828"
"064009135","264651280",5,"A29105168","Amount off","20130819","20140828"
"063976119","264616720",5,"A29105168","Amount off","20130819","20140828"
"063473213","261525285",5,"A29105187","End Save amount","20130819","20140828"
"063523754","262236016",5,"A29105187","End Save amount","20130819","20140828"
"063434122","260551767",5,"A29105187","End Save amount","20130819","20140828"
"063523796","262236504",5,"A29105187","End Save amount","20130819","20140828"
"063409176","259985491",5,"A29105187","End Save amount","20130819","20140828"
"063540896","262480254",5,"A29105187","End Save amount","20130819","20140828"
"063416207","260059999",5,"A29105187","End Save amount","20130819","20140828"
"063523836","262238001",5,"A29105187","End Save amount","20130819","20140828"
"051999773","250365703",5,"A29105768","promo_89875","20131118","20200229"
"055980425","252223120",7,"A29107008","Promo1","20140410","20140615"
"055980425","252223120",8,"A29107008","Promo1","20140410","20140615"
"055980425","252223120",5,"A29107008","Promo1","20140410","20140615"
"055980425","252223120",6,"A29107008","Promo1","20140410","20140615"
"065437409","266117829",5,"A29112435","Simple_176_1","20140611","20140615"
"065437409","266117829",6,"A29112435","Simple_176_1","20140611","20140615"
"059480193","260794180",7,"A29112564","Scenario1 Promo1","20140611","20140620"
"059482415","260796575",8,"A29112564","Scenario1 Promo1","20140611","20140620"
"059527053","259309740",5,"A29112564","Scenario1 Promo1","20140611","20140620"
"059480193","260794180",6,"A29112564","Scenario1 Promo1","20140611","20140620"
"059482415","260796575",7,"A29112564","Scenario1 Promo1","20140611","20140620"
"059482415","260796575",6,"A29112564","Scenario1 Promo1","20140611","20140620"
"059527053","259309740",6,"A29112564","Scenario1 Promo1","20140611","20140620"
"059482415","260796575",5,"A29112564","Scenario1 Promo1","20140611","20140620"
"059480193","260794180",5,"A29112564","Scenario1 Promo1","20140611","20140620"
"059527053","259309740",8,"A29112564","Scenario1 Promo1","20140611","20140620"
"059480193","260794180",8,"A29112564","Scenario1 Promo1","20140611","20140620"
"059527053","259309740",7,"A29112564","Scenario1 Promo1","20140611","20140620"
"064008689","264650822",5,"A29104427","SPTEST","20130722","20351026"
"064008689","264650822",6,"A29104427","SPTEST","20130722","20351026"
"070005418","270004652",5,"A29105087","Test","20130814","20140829"
"070005378","270004600",5,"A29105087","Test","20130814","20140829"
"070005332","270004525",5,"A29105087","Test","20130814","20140829"
"070005424","270004675",5,"A29105087","Test","20130814","20140829"
"070005263","270004387",5,"A29105087","Test","20130814","20140829"
"070005292","270004444",5,"A29105087","Test","20130814","20140829"
"070005303","270004462",5,"A29105087","Test","20130814","20140829"
"070005274","270004404",5,"A29105087","Test","20130814","20140829"
"070005482","270004807",5,"A29105087","Test","20130814","20140829"
"070005430","270004709",5,"A29105087","Test","20130814","20140829"
"070005390","270004623",5,"A29105087","Test","20130814","20140829"
"070005361","270004583",5,"A29105087","Test","20130814","20140829"
"070005453","270004744",5,"A29105087","Test","20130814","20140829"
"065058610","265727472",5,"A29105128","Simple Promo_B0000328","20130819","20140828"
"065040636","265709246",5,"A29105128","Simple Promo_B0000328","20130819","20140828"
"065040550","265709160",5,"A29105128","Simple Promo_B0000328","20130819","20140828"
"065050336","265719096",5,"A29105128","Simple Promo_B0000328","20130819","20140828"
"065050123","265718886",5,"A29105128","Simple Promo_B0000328","20130819","20140828"
"065093008","265762106",5,"A29105128","Simple Promo_B0000328","20130819","20140828"
"065093043","265762158",5,"A29105128","Simple Promo_B0000328","20130819","20140828"
"065040642","265709252",5,"A29105128","Simple Promo_B0000328","20130819","20140828"
"065049886","265718638",5,"A29105128","Simple Promo_B0000328","20130819","20140828"
"064852627","265517450",5,"A29105129","Percent Off","20130819","20140828"
"064851997","265516819",5,"A29105129","Percent Off","20130819","20140828"
"064851507","265516301",5,"A29105129","Percent Off","20130819","20140828"
"064948549","265614853",5,"A29105129","Percent Off","20130819","20140828"
"064725675","265388019",5,"A29105129","Percent Off","20130819","20140828"
"064852374","265517202",5,"A29105129","Percent Off","20130819","20140828"
"064962255","265628756",5,"A29105129","Percent Off","20130819","20140828"
"064652858","265313558",5,"A29105129","Percent Off","20130819","20140828"
"064725646","265387988",5,"A29105129","Percent Off","20130819","20140828"
"064804933","265468756",5,"A29105129","Percent Off","20130819","20140828"
"058143577","259053511",5,"A29105248","Fixed Price","20130819","20140828"
"058148408","259054470",5,"A29105248","Fixed Price","20130819","20140828"
"058133748","259052103",5,"A29105248","Fixed Price","20130819","20140828"
"050010428","250023688",9,"A29110608","simple test offer 60-55 S£5","20140321","20351026"
"050010428","250023688",5,"A29110608","simple test offer 60-55 S£5","20140321","20351026"
"050010428","250023688",6,"A29110608","simple test offer 60-55 S£5","20140321","20351026"
"050010428","250023688",7,"A29110608","simple test offer 60-55 S£5","20140321","20351026"
"050002999","257526163",5,"A29104007","PROMO","20130702","20180430"
"050004790","257529586",5,"A29104409","SP SAMPLETEST","20130610","20140630"
"064151604","264797166",5,"A29105154","Percent off","20130819","20140828"
"064153239","264798866",5,"A29105154","Percent off","20130819","20140828"
"064151541","264797090",5,"A29105154","Percent off","20130819","20140828"
"064152816","264798411",5,"A29105154","Percent off","20130819","20140828"
"064153546","264799197",5,"A29105154","Percent off","20130819","20140828"
"064151817","264797412",5,"A29105154","Percent off","20130819","20140828"
"064152747","264798342",5,"A29105154","Percent off","20130819","20140828"
"064151558","264797101",5,"A29105154","Percent off","20130819","20140828"
"064153487","264799139",5,"A29105154","Percent off","20130819","20140828"
"064153343","264798987",5,"A29105154","Percent off","20130819","20140828"
"064151535","264797084",5,"A29105155","Amount Off","20130819","20140828"
"064142108","264787539",5,"A29105155","Amount Off","20130819","20140828"
"064110170","264753902",5,"A29105155","Amount Off","20130819","20140828"
"064110354","264754089",5,"A29105155","Amount Off","20130819","20140828"
"064151512","264797061",5,"A29105155","Amount Off","20130819","20140828"
"064141870","264787303",5,"A29105155","Amount Off","20130819","20140828"
"064143787","264789232",5,"A29105155","Amount Off","20130819","20140828"
"064151506","264797055",5,"A29105155","Amount Off","20130819","20140828"
"064151529","264797078",5,"A29105155","Amount Off","20130819","20140828"
"064104172","264747426",5,"A29105155","Amount Off","20130819","20140828"
"064101970","264745083",5,"A29105167","Percent Off","20130819","20140828"
"064101440","264744533",5,"A29105167","Percent Off","20130819","20140828"
"064015219","264657423",5,"A29105167","Percent Off","20130819","20140828"
"064070705","264713328",5,"A29105167","Percent Off","20130819","20140828"
"064015156","264657360",5,"A29105167","Percent Off","20130819","20140828"
"064102139","264745250",5,"A29105167","Percent Off","20130819","20140828"
"064070642","264713265",5,"A29105167","Percent Off","20130819","20140828"
"064015605","264657816",5,"A29105167","Percent Off","20130819","20140828"
"064070538","264713150",5,"A29105167","Percent Off","20130819","20140828"
"064074937","264717595",5,"A29105167","Percent Off","20130819","20140828"
"064015104","264657319",5,"A29105167","Percent Off","20130819","20140828"
"063929015","264567679",5,"A29105169","Percent off","20130819","20140828"
"063926145","264564544",5,"A29105169","Percent off","20130819","20140828"
"063928644","264567253",5,"A29105169","Percent off","20130819","20140828"
"063928385","264566951",5,"A29105169","Percent off","20130819","20140828"
"063928552","264567149",5,"A29105169","Percent off","20130819","20140828"
"063928460","264567040",5,"A29105169","Percent off","20130819","20140828"
"063927756","264566185",5,"A29105169","Percent off","20130819","20140828"
"063928984","264567627",5,"A29105169","Percent off","20130819","20140828"
"063928886","264567495",5,"A29105169","Percent off","20130819","20140828"
"063929009","264567656",5,"A29105169","Percent off","20130819","20140828"
"063926519","264564924",5,"A29105169","Percent off","20130819","20140828"
"063927737","264566162",5,"A29105169","Percent off","20130819","20140828"
"050103160","259404650",7,"A29113008","Comp_simple_promo","20140615","20140619"
"050103160","259404650",6,"A29113008","Comp_simple_promo","20140615","20140619"
"050103160","259404650",5,"A29113008","Comp_simple_promo","20140615","20140619"
"066468601","267176929",5,"A29111920","Simple_promo_128","20140615","20140620"
"066468601","267176929",6,"A29111920","Simple_promo_128","20140615","20140620"
"050018819","250031350",5,"A29112343","Test comp","20140611","20140620"
"059482323","260796477",6,"A29112388","promo1","20140601","20140630"
"059482323","260796477",5,"A29112388","promo1","20140601","20140630"
"064804236","265468046",6,"A29111943","simple_promo_185_2","20140611","20140615"
"063817643","264573746",6,"A29111943","simple_promo_185_2","20140611","20140615"
"070109336","270169104",6,"A29111943","simple_promo_185_2","20140611","20140615"
"064804236","265468046",5,"A29111943","simple_promo_185_2","20140611","20140615"
"063817643","264573746",5,"A29111943","simple_promo_185_2","20140611","20140615"
"066468676","267176993",5,"A29111943","simple_promo_185_2","20140611","20140615"
"070109336","270169104",5,"A29111943","simple_promo_185_2","20140611","20140615"
"066468676","267176993",6,"A29111943","simple_promo_185_2","20140611","20140615"
"050024800","250046655",6,"A29111984","test","20140405","20141015"
"050024800","250046655",5,"A29111984","test","20140405","20141015"
"065363185","266041077",6,"A29112020","Simple_promo_350","20140601","20140615"
"062949217","264240674",9,"A29112020","Simple_promo_350","20140601","20140615"
"065363185","266041077",7,"A29112020","Simple_promo_350","20140601","20140615"
"062949217","264240674",8,"A29112020","Simple_promo_350","20140601","20140615"
"062949217","264240674",5,"A29112020","Simple_promo_350","20140601","20140615"
"065363185","266041077",9,"A29112020","Simple_promo_350","20140601","20140615"
"065363185","266041077",5,"A29112020","Simple_promo_350","20140601","20140615"
"062949217","264240674",6,"A29112020","Simple_promo_350","20140601","20140615"
"062949217","264240674",7,"A29112020","Simple_promo_350","20140601","20140615"
"065363185","266041077",8,"A29112020","Simple_promo_350","20140601","20140615"
"065363185","266041077",15,"A29112020","Simple_promo_350","20140601","20140615"
"062949217","264240674",15,"A29112020","Simple_promo_350","20140601","20140615"
"063712496","264345746",7,"A29112739","Simple test","20140615","20140629"
"063712496","264345746",8,"A29112739","Simple test","20140615","20140629"
"065989546","266684894",8,"A29112739","Simple test","20140615","20140629"
"065989546","266684894",6,"A29112739","Simple test","20140615","20140629"
"065989546","266684894",7,"A29112739","Simple test","20140615","20140629"
"063712496","264345746",6,"A29112739","Simple test","20140615","20140629"
"063712496","264345746",9,"A29112739","Simple test","20140615","20140629"
"065989546","266684894",9,"A29112739","Simple test","20140615","20140629"
"065989546","266684894",5,"A29112739","Simple test","20140615","20140629"
"063712496","264345746",5,"A29112739","Simple test","20140615","20140629"
"050103839","257681127",7,"A29112831","Comp_simple_promo","20140614","20140619"
"050103839","257681127",6,"A29112831","Comp_simple_promo","20140614","20140619"
"050103839","257681127",5,"A29112831","Comp_simple_promo","20140614","20140619"
"050049949","250092795",15,"A29113269","BWS","20140615","20140702"
"050049949","250092795",6,"A29113269","BWS","20140615","20140702"
"050049949","250092795",7,"A29113269","BWS","20140615","20140702"
"050049949","250092795",5,"A29113269","BWS","20140615","20140702"
"050049949","250092795",9,"A29113269","BWS","20140615","20140702"
"070293559","270578156",8,"A29113287","as","20140606","20141026"
"070293559","270578156",5,"A29113287","as","20140606","20141026"
"055329518","264767892",9,"A29113303","Comp_simple_promo","20140606","20140625"
"055329518","264767892",7,"A29113303","Comp_simple_promo","20140606","20140625"
"055329518","264767892",6,"A29113303","Comp_simple_promo","20140606","20140625"
"055329518","264767892",5,"A29113303","Comp_simple_promo","20140606","20140625"
"050124267","280686018",9,"A29113302","Comp_simple_promo","20140606","20140625"
"050124267","280686018",7,"A29113302","Comp_simple_promo","20140606","20140625"
"050124267","280686018",6,"A29113302","Comp_simple_promo","20140606","20140625"
"050124267","280686018",5,"A29113302","Comp_simple_promo","20140606","20140625"
"050127598","280693015",8,"A29113840","test","20140614","20140624"
"050438685","258097103",6,"A29114281","050050866","20140615","20140619"
"050438685","258097103",7,"A29114281","050050866","20140615","20140619"
"050438685","258097103",5,"A29114281","050050866","20140615","20140619"
"050438685","258097103",9,"A29114281","050050866","20140615","20140619"
"050210009","257815253",7,"A29084865","promo44","20110809","20350922"
"050210015","257815282",7,"A29084865","promo44","20110809","20350922"
"070153524","270240434",6,"A29081405","testsr","20110721","20351026"
"062186923","263463481",7,"A29084085","test","20140601","20140910"
"062186923","263463481",6,"A29084085","test","20140601","20140910"
"062186923","263463481",8,"A29084085","test","20140601","20140910"
"062186923","263463481",9,"A29084085","test","20140601","20140910"
"062186923","263463481",5,"A29084085","test","20140601","20140910"
"062186923","263463481",15,"A29084085","test","20140601","20140910"
"050012532","250013055",5,"A29101145","ttt","20121210","20200229"
"065427018","266106975",5,"A29096673","threshold_test","20120809","20200914"
"050500824","253558309",5,"A29101149","ttt","20121210","20200229"
"050013237","257544417",5,"A29103026","Promo_TC31111","20130430","20140922"
"050073430","257634340",5,"A29103026","Promo_TC31111","20130430","20140922"
"065427018","266106975",5,"A29096671","threshold_test","20120809","20200914"
"059585985","260904149",5,"A29104948","Threshold Promo","20130814","20140822"
"059545175","260861803",5,"A29104948","Threshold Promo","20130814","20140822"
"059746916","261068704",5,"A29104948","Threshold Promo","20130814","20140822"
"059686704","261007328",5,"A29104948","Threshold Promo","20130814","20140822"
"059719771","261041119",5,"A29104948","Threshold Promo","20130814","20140822"
"059565583","260882876",5,"A29104948","Threshold Promo","20130814","20140822"
"059552828","260869651",5,"A29104948","Threshold Promo","20130814","20140822"
"059746847","261068635",5,"A29104948","Threshold Promo","20130814","20140822"
"059545215","260861849",5,"A29104948","Threshold Promo","20130814","20140822"
"070011543","270030879",5,"A29105027","Promotion_All","20130814","20140822"
"070011572","270030931",5,"A29105027","Promotion_All","20130814","20140822"
"070011404","270030568",5,"A29105027","Promotion_All","20130814","20140822"
"070011848","270031325",5,"A29105027","Promotion_All","20130814","20140822"
"070011658","270031054",5,"A29105027","Promotion_All","20130814","20140822"
"070011917","270031394",5,"A29105027","Promotion_All","20130814","20140822"
"070011831","270031319",5,"A29105027","Promotion_All","20130814","20140822"
"070011819","270031291",5,"A29105027","Promotion_All","20130814","20140822"
"070011382","270030516",5,"A29105027","Promotion_All","20130814","20140822"
"070009011","270008204",5,"A29105048","Club Card","20130814","20140829"
"070009178","270008521",5,"A29105048","Club Card","20130814","20140829"
"070009397","270008924",5,"A29105048","Club Card","20130814","20140829"
"070009950","270010788",5,"A29105048","Club Card","20130814","20140829"
"070009184","270008544",5,"A29105048","Club Card","20130814","20140829"
"070009299","270008763",5,"A29105048","Club Card","20130814","20140829"
"070009345","270008855",5,"A29105048","Club Card","20130814","20140829"
"070008006","270008187",5,"A29105048","Club Card","20130814","20140829"
"070009253","270008688",5,"A29105048","Club Card","20130814","20140829"
"070009437","270000570",5,"A29105048","Club Card","20130814","20140829"
"070009282","270008740",5,"A29105048","Club Card","20130814","20140829"
"070009489","270004738",5,"A29105048","Club Card","20130814","20140829"
"060603526","261839714",5,"A29103010","Test_19_Promotion","20130430","20140922"
"067463167","268196063",5,"A29103010","Test_19_Promotion","20130430","20140922"
"070011059","270029778",5,"A29105047","Threshold_Promotion","20130814","20140828"
"070011042","270010961",5,"A29105047","Threshold_Promotion","20130814","20140828"
"070011065","270029790",5,"A29105047","Threshold_Promotion","20130814","20140828"
"070009852","270010581",5,"A29105047","Threshold_Promotion","20130814","20140828"
"070009633","270010137",5,"A29105047","Threshold_Promotion","20130814","20140828"
"070009783","270010448",5,"A29105047","Threshold_Promotion","20130814","20140828"
"070009644","270010166",5,"A29105047","Threshold_Promotion","20130814","20140828"
"070011163","270030009",5,"A29105047","Threshold_Promotion","20130814","20140828"
"070009915","270010707",5,"A29105047","Threshold_Promotion","20130814","20140828"
"070011364","270030476",5,"A29105047","Threshold_Promotion","20130814","20140828"
"070010008","270010886",5,"A29105047","Threshold_Promotion","20130814","20140828"
"050028358","257972002",5,"A29105049","Club Card Single","20130814","20140830"
"070009938","270010742",5,"A29105049","Club Card Single","20130814","20140830"
"070007900","270007983",5,"A29105049","Club Card Single","20130814","20140830"
"070007670","270007516",5,"A29105049","Club Card Single","20130814","20140830"
"070007762","270007706",5,"A29105049","Club Card Single","20130814","20140830"
"070009944","270010765",5,"A29105049","Club Card Single","20130814","20140830"
"070007952","270008089",5,"A29105049","Club Card Single","20130814","20140830"
"070007756","270007689",5,"A29105049","Club Card Single","20130814","20140830"
"070007934","270008043",5,"A29105049","Club Card Single","20130814","20140830"
"070007883","270007948",5,"A29105049","Club Card Single","20130814","20140830"
"070007831","270007844",5,"A29105049","Club Card Single","20130814","20140830"
"063885117","264522030",6,"A29112270","test 605","20140405","20351026"
"063885117","264522030",5,"A29112270","test 605","20140405","20351026"
"050019908","250034583",5,"A29101146","ttt","20121210","20200229"
"050051456","250095417",5,"A29101143","ttt","20121210","20200229"
"050020332","250035720",5,"A29101166","ttt","20121210","20200229"
"070011934","270031417",5,"A29104987","Test","20130614","20140828"
"070013304","270031947",5,"A29104987","Test","20130614","20140828"
"060515878","261750294",5,"A29104987","Test","20130614","20140828"
"070013230","270031855",5,"A29104987","Test","20130614","20140828"
"060343499","261573872",5,"A29104987","Test","20130614","20140828"
"070013190","270031792",5,"A29104987","Test","20130614","20140828"
"070013184","270031774",5,"A29104987","Test","20130614","20140828"
"060423606","261655447",5,"A29104987","Test","20130614","20140828"
"059830505","261153626",5,"A29104987","Test","20130614","20140828"
"059830373","261153494",5,"A29104987","Test","20130614","20140828"
"070013201","270031803",5,"A29104987","Test","20130614","20140828"
"060518796","259235164",5,"A29104987","Test","20130614","20140828"
"059830494","261153616",5,"A29104987","Test","20130614","20140828"
"070013161","270031757",5,"A29104987","Test","20130614","20140828"
"060344626","261575259",5,"A29104987","Test","20130614","20140828"
"059830632","261153753",5,"A29104987","Test","20130614","20140828"
"070147929","270229461",6,"A29108985","Promo New desc","20131007","20141003"
"070147935","270229478",5,"A29108985","Promo New desc","20131007","20141003"
"070147929","270229461",5,"A29108985","Promo New desc","20131007","20141003"
"064286842","264937490",6,"A29109860","dfd","20131217","20141001"
"050001136","250001121",5,"A29107668","ksjdgk","20140615","20140628"
"050001136","250001121",6,"A29107668","ksjdgk","20140615","20140628"
"050001136","250001121",8,"A29107668","ksjdgk","20140615","20140628"
"050001136","250001121",7,"A29107668","ksjdgk","20140615","20140628"
"062111304","263385861",15,"A29110607","test offer 3 for £3","20140220","20200317"
"066758108","267478457",8,"A29110607","test offer 3 for £3","20140220","20200317"
"066758108","267478457",15,"A29110607","test offer 3 for £3","20140220","20200317"
"050051214","250095008",9,"A29091146","new","20140120","20141024"
"066915574","267639164",7,"A29101272","linksave","20131218","20161019"
"058932528","260228229",5,"A29101272","linksave","20131218","20161019"
"058932528","260228229",6,"A29101272","linksave","20131218","20161019"
"066915574","267639164",6,"A29101272","linksave","20131218","20161019"
"058932528","260228229",7,"A29101272","linksave","20131218","20161019"
"066915574","267639164",5,"A29101272","linksave","20131218","20161019"
"066915574","267639164",5,"A29101274","linksave","20131218","20161019"
"058932528","260228229",5,"A29101274","linksave","20131218","20161019"
"066915574","267639164",6,"A29101274","linksave","20131218","20161019"
"058932528","260228229",6,"A29101274","linksave","20131218","20161019"
"051045687","255414609",6,"A29102217","LINK SAVE PROMOTION","20130410","20350510"
"051045670","255414598",6,"A29102217","LINK SAVE PROMOTION","20130410","20350510"
"070005954","270005812",5,"A29105050","Cheapest Free","20130814","20140830"
"070007065","270006362",5,"A29105050","Cheapest Free","20130814","20140830"
"070005948","270005795",5,"A29105050","Cheapest Free","20130814","20140830"
"070007013","270005927",5,"A29105050","Cheapest Free","20130814","20140830"
"070007111","270006431",5,"A29105050","Cheapest Free","20130814","20140830"
"070007284","270006771",5,"A29105050","Cheapest Free","20130814","20140830"
"070007071","270006385",5,"A29105050","Cheapest Free","20130814","20140830"
"070005994","270005887",5,"A29105050","Cheapest Free","20130814","20140830"
"070007036","270005962",5,"A29105050","Cheapest Free","20130814","20140830"
"070005977","270005841",5,"A29105050","Cheapest Free","20130814","20140830"
"070007255","270006724",5,"A29105050","Cheapest Free","20130814","20140830"
"070007301","270006811",5,"A29105050","Cheapest Free","20130814","20140830"
"070007347","270006886",5,"A29105051","Cheapeset Free","20130714","20140822"
"070007376","270006949",5,"A29105051","Cheapeset Free","20130714","20140822"
"070007445","270007096",5,"A29105051","Cheapeset Free","20130714","20140822"
"070007353","270006903",5,"A29105051","Cheapeset Free","20130714","20140822"
"070007399","270006984",5,"A29105051","Cheapeset Free","20130714","20140822"
"070005522","270004888",5,"A29105067","Test","20130814","20140821"
"070005597","270005052",5,"A29105067","Test","20130814","20140821"
"070005695","270005265",5,"A29105067","Test","20130814","20140821"
"070007318","270006828",5,"A29105067","Test","20130814","20140821"
"070005706","270005288",5,"A29105067","Test","20130814","20140821"
"070005257","270004364",5,"A29105109","Test","20130819","20140829"
"070005165","270004180",5,"A29105109","Test","20130819","20140829"
"070005188","270004220",5,"A29105109","Test","20130819","20140829"
"070005171","270004208",5,"A29105109","Test","20130819","20140829"
"070005159","270004168",5,"A29105109","Test","20130819","20140829"
"070005234","270004329",5,"A29105109","Test","20130819","20140829"
"070005240","270004341",5,"A29105109","Test","20130819","20140829"
"070005194","270004243",5,"A29105109","Test","20130819","20140829"
"070005205","270004266",5,"A29105109","Test","20130819","20140829"
"058600676","257316095",5,"A29105209","MB_Cheapest Free","20130819","20140828"
"058600630","257316014",5,"A29105209","MB_Cheapest Free","20130819","20140828"
"058600624","257315977",5,"A29105209","MB_Cheapest Free","20130819","20140828"
"058600555","257315827",5,"A29105209","MB_Cheapest Free","20130819","20140828"
"058600549","257315810",5,"A29105209","MB_Cheapest Free","20130819","20140828"
"058600601","257315931",5,"A29105209","MB_Cheapest Free","20130819","20140828"
"058600647","257316020",5,"A29105209","MB_Cheapest Free","20130819","20140828"
"058600653","257316043",5,"A29105209","MB_Cheapest Free","20130819","20140828"
"058599849","257314431",5,"A29105211","Bogof","20130827","20140828"
"058600221","257315188",5,"A29105211","Bogof","20130827","20140828"
"058600123","257314990",5,"A29105211","Bogof","20130827","20140828"
"058600198","257315136",5,"A29105211","Bogof","20130827","20140828"
"058447097","257067999",5,"A29105212","Bogof","20130819","20140828"
"058447022","257067832",5,"A29105212","Bogof","20130819","20140828"
"058455467","251329135",5,"A29105212","Bogof","20130819","20140828"
"058408608","259095334",5,"A29105212","Bogof","20130819","20140828"
"058409609","257000163",5,"A29105212","Bogof","20130819","20140828"
"056997978","258874802",5,"A29105249","bogof","20130819","20140828"
"056905098","258859988",5,"A29105249","bogof","20130819","20140828"
"057274832","254586049",5,"A29105249","bogof","20130819","20140828"
"057274855","254586084",5,"A29105249","bogof","20130819","20140828"
"057274849","254586061",5,"A29105249","bogof","20130819","20140828"
"056887074","258856640",5,"A29105249","bogof","20130819","20140828"
"053959758","257893208",5,"A29105250","Link Save Amount off","20130819","20140828"
"053826708","257795618",5,"A29105250","Link Save Amount off","20130819","20140828"
"054504566","254225161",5,"A29105250","Link Save Amount off","20130819","20140828"
"055051008","258536028",5,"A29105250","Link Save Amount off","20130819","20140828"
"054596450","255151695",5,"A29105250","Link Save Amount off","20130819","20140828"
"053827828","257795943",5,"A29105250","Link Save Amount off","20130819","20140828"
"053955413","257890718",5,"A29105250","Link Save Amount off","20130819","20140828"
"053957288","257891702",5,"A29105250","Link Save Amount off","20130819","20140828"
"053826858","257795655",5,"A29105250","Link Save Amount off","20130819","20140828"
"050500219","253557316",6,"A29109963","des","20140328","20350922"
"050501063","253559176",7,"A29109963","des","20140328","20350922"
"050500219","253557316",5,"A29109963","des","20140328","20350922"
"050500219","253557316",7,"A29109963","des","20140328","20350922"
"050501063","253559176",5,"A29109963","des","20140328","20350922"
"050501063","253559176",6,"A29109963","des","20140328","20350922"
"050501063","253559176",8,"A29109963","des","20140328","20350922"
"050500219","253557316",8,"A29109963","des","20140328","20350922"
"050114642","250297893",7,"A29110720","multi buy test second offer bogof","20140304","20351026"
"050114642","250297893",5,"A29110720","multi buy test second offer bogof","20140304","20351026"
"050114642","250297893",9,"A29110720","multi buy test second offer bogof","20140304","20351026"
"063714062","264347341",6,"A29113142","prabhu","20140610","20140620"
"065381975","266060117",7,"A29113142","prabhu","20140610","20140620"
"063714062","264347341",5,"A29113142","prabhu","20140610","20140620"
"063714062","264347341",15,"A29113142","prabhu","20140610","20140620"
"065381975","266060117",15,"A29113142","prabhu","20140610","20140620"
"065381975","266060117",9,"A29113142","prabhu","20140610","20140620"
"063714062","264347341",9,"A29113142","prabhu","20140610","20140620"
"063714062","264347341",7,"A29113142","prabhu","20140610","20140620"
"065381975","266060117",8,"A29113142","prabhu","20140610","20140620"
"063714062","264347341",8,"A29113142","prabhu","20140610","20140620"
"065381975","266060117",5,"A29113142","prabhu","20140610","20140620"
"065381975","266060117",6,"A29113142","prabhu","20140610","20140620"
"050127771","280693292",5,"A29114681","changing desc","20140612","20140615"
"050127097","280692016",5,"A29114681","changing desc","20140612","20140615"
